ID,name,kana,description,URL,Facebook,Instagram,Twitter,image,date,name
1,Apneumo,アニューモ,"Furuya(Guitar/Synthesizer)  イノウエユウキ(Bass)    tsukasa(Drums)
2017年結成。平均年齢27歳のアンビエント&フュージョン・ギターインストトリオ。
海外のエレクトロニカやアンビエントに影響を受けた無機質なサウンドに、叙情的なギターのメロディやタイトなビートが絡んだハイブリッドなインストバンド。
耳を洗うような心地良さ、美しい風景を思い起こす情景的なサウンドが話題を呼び幅広いリスナーの関心を得ている。
2017年1st mini album「moon satellite」をリリース。DIY精神に基づいた活動でMotion Blue YOKOHAMAでのレコ発ワンマンライブを成功させる。
2021年3月に、Playwrightからのデビュー作 となる2nd mini album「薄明」をリリース。ギター・ベース・ドラム・シンセサイザーをベースに自身の制作に様々な楽器を取り入れており、サックス奏者 藤田淳之介(TRI4TH)をフィーチャーした「chilling flow」やピアニスト 木村イオリ(bohemianvoodoo)をフィーチャーした「 pray 」などの代表曲がある。",https://apneumo.jimdofree.com/,,https://www.instagram.com/apneumo/,https://twitter.com/apneumo,img/Apneumo.jpg,2021-10-30,Apneumo
2,ORESKABAND,オレスカバンド,"日本のガールズスカ・ロックバンド。
2003年5月、中学3年生の時に同級生のブラスバンド部を中心に結成。同10月に初ライブを行う。高校入学後も積極的にライブ活動を行い、2006年2月にソニーミュージックアソシエイテッドレコーズとメジャー契約を締結。7月に『俺』でメジャーデビュー。全米ツアーや、アルゼンチン、ブラジル公演など、日本にとどまらず海外まで活動の幅を広げている。",http://www.oreskaband.com/,https://www.facebook.com/ORESKABAND.JP,,https://twitter.com/oreska_official,"	img/oreskaband.jpg",2021-10-30,ORESKABAND
3,kroi,クロイ,"Kroiは、内⽥怜央(Vo.)、長谷部悠⽣(Gt.)、関将典(Ba.)、益⽥英知(Dr.)、千葉⼤樹(Key.)による5人組バンド。2018年2⽉に結成。R&B/ファンク/ソウル/ロック/ヒップホップなど、あらゆる音楽ジャンルからの影響を昇華したミクスチャーな音楽性を提⽰。バンド名の由来は、あらゆる音楽ジャンルの色を取り入れて新しい音楽性を創造したいという考えで、全ての色を混ぜると黒になることからくる「黒い」と、メンバーが全員ブラックミュージックを好み、そこから受けた影響や衝撃を⽇本人である⾃分たちなりに昇華するという意味を込め、Blackを⽇本語にした「黒い」からKroiと命名。
2018年10⽉に1st Single「Suck a Lemmon」をリリース。翌年夏『SUMMER SONIC 2019』へ出演。2021年1月にリリースした3rd EP「STRUCTURE
DECK」では、タワーレコード「未来ノ和モノ」「タワレコメン」、HMV「エイチオシ」に選出。
同年6月にはポニーキャニオン・IRORI Recordsより1st Album「LENS」をリリースし、リード曲の「Balmy Life」は全国AM/FMラジオにて45局以上のパワープレイを獲得するなど、高い注目を集めている。
音楽活動だけでなく、ファッションモデルやデザイン、楽曲プロデュースなど、メンバーそれぞれが多様な活動を展開し、カルチャーシーンへの発信を⾏っている。",https://kroi.net/,,https://www.instagram.com/kroi_official/,https://twitter.com/KroiOfficial,img/kroi.jpg,2021-10-30,kroi
4,keishi tanaka,ケイシタナカ,"ミュージシャン。作詞家。作曲家。Riddim Saunterを解散後、2012年よりソロ活動をスタート。
続けざまにリリースされた『Fill』と『Alley』という2つのアルバムで、シンガーソングライターとしてバンド時代とは違う一面を見せる。「Floatin' Groove」が、全国のラジオ局で多数パワープレイに選ばれるなど、細部にこだわりをみせる高い音楽性を持ちながら、幅広い層に受け入れられる音楽であることを証明した。さらに、3rdアルバム『What's A Trunk?』では、Tokyo Recordings、fox capture plan、LEARNERS、Ropesなど、さまざまなミュージシャンとレコーディングをして話題となる。最新アルバム『BREATH』では、ブラックミュージックと日本人ポップスを見事に融合させ、自身がそのときにやりたい音楽を自由に歌い続けている。
アルバムのほかにも、詩と写真で構成された6曲入りソングブック『夜の終わり』や、絵本『秘密の森』、自身の想いを音楽と言葉とデザインで伝える『A SONG FOR YOU』のシリーズなど、自身の世界観を表現する多様な作品をリリース。 
2020年12月、Kan Sanoプロデュースによる「The Smoke Is You」、oysmをフィーチャリングした「揺れる葉」を含む5曲入りのミニアルバム『AVENUE』をリリース。1日限りのリリースパーティーは『A SONG FOR YOU Vol.04』にて映像化されている。
ライブハウスや野外フェスでのバンドセットから、ホールやBillboardでの11人編成ビッグバンド、さらには小さなカフェでの弾き語りなど、場所や聴く人を限定しないスタイルで年間100本前後のライブを続けている。自主企画として、バンド編成の[NEW KICKS]と、アコースティックの[ROOMS]を不定期に開催中。
また、2017年4月に詩集『真夜中の魚』(シンコーミュージック・エンタテインメント)を発売し、文章にも注目が集まる。『ランドネ』(マイナビ出版)での連載は5年目に突入。",http://keishitanaka.com/,https://www.facebook.com/keishitanaka.official/,https://www.instagram.com/keishitanaka,https://twitter.com/KeishiTanaka,img/KeishiTanaka2020.jpg,2021-10-30,keishi tanaka
5,粉川心＋山本精一,コガワシン,"drummer 粉川 心によるソロプロジェクト。
ドラムを通じた自己表現を探求する中で、アニミズムや禅の持つ美的観念に共鳴し、木と、皮と、鉱物と、身体。ミニマムなスタイルでフリージャズ、スピリチュアルジャズ、民族音楽、環境音楽、ハードコアなどを飲み込んで、生楽器の持つ原始的な強く美しいサウンドに瞬間の感性を落とし込む即興独奏。
TAMA/Bosphorus/Regaltip/エンドーサー。ex. jizue。
2006年結成のインストバンドjizueでVictor entertainmentよりメジャーデビュー。これまでに7枚のフルアルバムをリリース。
『FUJI ROCKFESTIVAL』『朝霧JAM』『東京JAZZ』『GREENROOM FESTIVAL』など各地の大型フェスに出演。
国内に留まらず、カナダ、インドネシア、中国、台湾など、海外ツアーも行う。
14年jizueのドラマーとして活動したのち2019年、京都市交響楽団とのオーケストラ公演を最後に脱退。ソロドラマーへ転身する。
翌年2020年には単独東南アジアツアーを行い、帰国後1stソロアルバム『ANIMA』を制作、リリース。
『ANIMA』リリースツアーでは勝井裕二（rovo）柏倉隆史（toe）栗原健（soil&pimp sessions）オオヤユウスケ（Polaris）類家心平、渡辺ショータらと熱演を重ねる。

山本精一（やまもと・せいいち）
兵庫県出身、京都在住の造音作家、画家、エッセイスト。
オルタナティヴユニット「BOREDOMS」、アブストラクト・ロック実験室「想い出波止場」、擬似ポップバンド「羅針盤」、コズミックダンスバンド「ROVO」、恣意的初期衝動パンクバンド「MOST」、数学的パズルグルーヴ「PARA」他、多数の実験的バンド ／ユニットやソロワーク、内外の先鋭的な音楽家とのセッション等で、プレイヤー／ソングライター／コンポーザー／プロデューサーとして、ワールドワイドに活動を展開。ソロ作品としても、「selfy」「クラウン・オブ・ファジーグルーヴ」「ラプソディア」「プレイグラウンド」「CAFE BRAIN」他作品多数。
また、「MIND GAME」(湯浅政明監督）「殺し屋１」(三池崇史監督)「アドレナリン・ドライブ」(矢口史靖監督）などで映画音楽も手がける。文筆家、画家、写真家としても定期的に作品発表を行っており、著書に『イマユラ』(Pバイン出版）『ギンガ』(リットーミュージック）『ゆん』(河出書房新社）などがある。「文学界」など主に紙媒体をメインにエッセイの執筆も続けている。",http://shin0203.wix.com/drum-lesson,,https://www.instagram.com/drum_shinkokawa/?hl=ja,https://twitter.com/Drum_ShinKokawa,img/yamamoto_kokawa.jpg,2021-10-30,粉川心＋山本精一
6,the bed room tape,ザベッドルームテープ,"景山奏によるソロ・プロジェクト。2013年、児玉奈央、NAGAN SERVER、奇妙礼太郎が参加した「THE BED ROOM TAPE」、2015年、川谷絵音、リミキサーとしてBudaMunkが参加した「YARN」、2016年、Gotch、BASI、リミキサーとしてUyama Hirotoが参加した「UNDERTOW」を発表。2021年夏より新曲のリリースを予定している。",,https://www.facebook.com/thebedroomtape/,https://www.instagram.com/kanadekageyamaa/?hl=ja,,img/THEBEDROOM TAPE.jpg,2021-10-30,the bed room tape
7,jizue ,ジズー,"2006年結成。
これまで6枚のフルアルバムを発表し、そのどれもがロングセラーを記録。ロックや、ハードコアに影響を受けた魂を揺さぶるような力強さ、ジャズの持つスウィング感、叙情的な旋律が絶妙なバランスで混ざり合ったサウンドで、地元京都を中心に人気を高め、『FUJI ROCK FESTIVAL』、『GREENROOM FESTIVAL』、『朝霧JAM』といった大型フェスにも出演。
国内に留まらず、カナダ、インドネシア、中国、台湾など、海外にも進出し、その圧倒的な演奏力で高い評価を得ている。
2017年10月、ミニアルバム『grassroots』でビクターよりメジャー・デビュー。
2018年7月、6枚目のフルアルバム『ROOM』をリリース。
2019年7月、コンセプト・アルバム『gallery』をリリース。
2019年10月には京都市交響楽団サポートによる初のオーケストラ公演を開催。
2020年2月26日、オーケストラでのライブを収録した『jizue orchestra Live at Kyoto Concert Hall 2019.10.19』を配信＆DVDでリリース。
2020年9月、7枚目のフルアルバム『Seeds』をリリース。",https://www.jizue.com/,https://www.facebook.com/jizue,https://www.instagram.com/jizue_jpn,https://twitter.com/jizue,img/jizue.jpeg,2021-10-30,jizue 
8,seiho,セイホ,"大阪出身の電子音楽家、プロデューサー/DJであり、おでん屋「そのとうり」、和菓子屋「かんたんなゆめ」のプロデュースも務める。
2010年代の国内外エレクトロニック・ミュージック・シーンにおけるキーパーソン。
これまでにフライング・ロータス、ディスクロージャー、マシュー・ハーバート、カシミア・キャットらとの共演や、
平井堅、Chara+YUKI、三浦大知、矢野顕子、PUNPEEらへのプロデュース・ワーク、
Avec Avecとのポップ・デュオ「Sugar’s Campaign」としての活動など、
表と裏の舞台を行き来しながら常にカッティング・エッジな音楽を提供し続け、
その非凡な音楽性はもとより、アートや哲学領域にも精通する類稀なセンスには多方面から常に注目が集まる。
2021年5月、Amazon Musicの新企画「PRODUCERS」第1弾プロデューサーに選出され、ACO、ASOBOiSM、BTB特効、cero、KID FRESINO、LUVRAW、鎮座DOPENESSをフィーチャリングに迎えたミニアルバム『CAMP』をリリース。",,https://www.facebook.com/seiho777,https://www.instagram.com/seiho777,https://twitter.com/seiho777,img/IMG_6954.jpg,2021-10-30,seiho
9,downy,ダウニー,"2000年4月結成。メンバーに映像担当が在籍する、特異な形態をとる5人編成のロック・バンド。音楽と映像をセッションにより同期、融合させたライブスタイルの先駆け的存在とされ、独創的、革新的な音響空間を創り上げ、視聴覚に訴えかけるライブを演出。
2004年に活動休止し、2013年に再始動。2014年にFUJIROCK FESTIVAL出演。2018年にギタリストの青木裕が逝去。2020年SUNNOVA(Samlper/Synth)の正式メンバーの加入を発表。
青木ロビン(Vo/Gt)は、zezecoとしての活動に加え、映画音楽制作、ゲストボーカルとしての参加、THE NOVEMBERS等のアーティストへの楽曲提供、アレンジ、プロデュースも手掛ける。
仲俣和宏(Ba)はfresh!、YakYakYakとしても活動している。",http://downy-web.com/,https://www.facebook.com/downyjapan,https://www.instagram.com/downy_official_/,https://twitter.com/downy_official/,img/IMG_2426.JPG,2021-10-30,downy
10,DENIMS,デニムス,"古い物好きだけど新しい事をしたい。大人だけど子供のように。お洒落だけど泥臭い。
そんなバンド。2012年 大阪堺にてDENIMS結成。
2015年 自主レーベルOSAMIstudio.から初の全国流通盤となる1st Mini Album “Daily use” をリリース。
2016年 2nd Mini Album“iggy&pops”をリリース、ツアーファイナル@東心斎橋CONPASS初ワンマンはソールド。
同年、FUJI ROCK FESTIVAL’16出演。2017年 1st full album”DENIMS”をリリース。VIVA LA ROCK 2017出演。
2018年　東名阪福、4都市のワンマンツアーを行い全公演ソールドアウト。
大阪・味園ユニバースにてDENIMS主催フェス”ODD SAFARI”を開催し、700人動員しソールドアウト。
RUSH BALL 2018出演。2019年　V6 50thシングルCPに「そんな顔しなくたっていい」を楽曲提供。",http://denim-s.jp/,https://www.facebook.com/DENIMS.jp,https://www.instagram.com/denims_official,https://twitter.com/DENIMS_official,img/DENIMS_A_201225.jpg,2021-10-30,DENIMS
11,TRI4TH,トライフォース,"“ 踊れるジャズ “ をコンセプトに掲げ、国内外を飛び回る日本を代表するライブジャズバンド。 ジャズでありながら、ロックバンドに勝る激しいパフォーマンスでオーディエンスを魅了し続けている。パンクロック、スカを取り入れた音楽性が好評を博し、海外では、フランス “Jazz a Vienne” / デンマーク “Copenhagen Jazz Festival 2017” にも出演している。 国内の代表的な音楽フェスティバルの一つ”SUMMER SONIC 2019″ を含め全国20ヶ所を超えるフェスに出演を果たした。 2020年5月23日に開催された、”TOKYO JAZZ +plus LIVE STREAM”では、フランスの女性シンガー’China Moses’との国境を越えたコラボレーションが実現し、 10月7日リリースの3rd Full Album『Turn On the Light』では、SANABAGUN.から岩間 俊樹氏、日本を代表するスカパンクバンドKEMURIからHORNSを招くなど、TRI4TH史上新たな試みにチャレンジしている。インストゥルメンタルの枠を超え飛躍を続けるTRI4THは、今シーン更に注目度を増しているバンドである。",https://tri4th.com,https://www.facebook.com/tri4th,https://www.instagram.com/tri4th_official,https://twitter.com/TRI4TH,img/TRI4TH_new.jpg,2021-10-30,TRI4TH
12,NAGAN SERVER,ナガンサーバー,"NAGAN SERVER （Rap / w.Bass）
ヒップホップとジャズにルーツを持ち、ラッパー／ウッドベーシストという異色の肩書き／キャリアを持つ音楽家（ナガンサーバー）。これまでに3枚のオリジナル・アルバムをリリースしているほか、精力的にライブ活動を展開。2019年には『FUJI ROCK FESTIVAL』やGEZAN主催の『全感覚祭』に出演するなど、シーンやジャンルを横断し活動。2020年はコロナ禍以降も大型配信ライブ「BLOCK.FESTIVAL」への参加で注目を集め、困難な状況でもその歩みを止めることなく前進し続けている。他、イタリアを代表するカーブランドFIATのWeb CMに楽曲提供 & 出演。 FRED PERRYが企画する「ブリティッシュ・サブカルチャー」で特集、adidas Originalsが発信する「TOKYO CREATOR’S INSPIRATION Vol. 1」 に取り上げられている。
21年7月 安藤康平 a.k.a. MELRAW（Sax）、熊代崇人（Ba）、中村海斗（Dr）と共にエクスペリメンタル・ヒップホップバンド DUENDE（デュエンデ）を結成。",http://naganserver.jp/,,,,"	img/NAGAN.jpg",2021-10-30,NAGAN SERVER
13,マハラージャン BAND SET,マハラージャン,"東京都出身。
大学院卒業後、CM制作会社へ就職。
2018年WEB広告代理店に転職し、会社員として勤務する傍ら、日夜音楽活動に勤しむ。
社会人になってから感じた強烈な劣等感や、耐え難い苦悩、屈辱に苦しんだ結果、「スパイス×ダンスミュージック」という現在のスタイルにたどり着く。
働き方改革が問われる現代が産み落とした、スパイス香るアジアの異端児。
2021年3月24日、3rd EP「セーラ☆ムン太郎」でソニーミュージックからメジャーデビュー。
リード曲「セーラ☆ムン太郎」が評判を呼び、NHKシブヤノオト、THE FIRST TAKEへ出演。
THE FIRTST TAKEで演奏した「セーラ☆ムン太郎」は8月現在240万再生を達成。",https://maharajan.love/,,https://www.instagram.com/moechu4/,https://twitter.com/MoeChu4/,img/IMG_2425.JPG,2021-10-30,マハラージャン BAND SET
14,Yasei Collective,ヤセイコレクティブ,"2009年に米国より帰国した松下マサナオ(Ds)、中西道彦(Ba,Synth)が斎藤拓郎(Voc,Gt,Synth)と共に結成。
2010年、別所和洋(Keys)が加入。 自主制作盤『POP MUSIC』をリリースし、都内を中心にライブ活動をスタートさせる。
2011年、1st アルバム『Kodama』をマインズ・レコードよりリリース。 2012年、FUJI ROCK FESTIVAL’12に出演。
2013年、2ndアルバム『Conditioner』をリリース。 自らのルーツと公言する、米国屈指のジャムバンド、Kneebodyを招いてのレコ発liveを実現させた。
2014年、柳下“DAYO” 武史(SPECIAL OTHERS)、浦山一悟(ACIDMAN)、在日ファンク・ホーンズ等、国内外から超豪華11組のアーティストを迎え完成させた、五周年アニバーサリーアルバム『so far so good』を発売。 発売記念ツアーは全国30公演に及び、アルバム参加ゲストを多数迎えた代官山UNITでのツアーファイナルは大盛況のうちに幕を閉じた。
2015年9月より、ACIDMANの所属事務所であるFREE STARへ新たに加わり、それに伴い自主レーベルである「Thursday Club」を設立。11月にはシングル『radiotooth』、2016年4月には4thアルバム『Lights』をリリースした。
2017年1月、台湾において初の海外公演を開催、同月には世界を代表するドラマーであるMark Guilianaをゲストに迎えたブルーノート東京公演を開催。
5月には1年ぶりのニューアルバム“FINE PRODUCTS”をリリース、12箇所に及ぶ全国ツアーをスタートさせる。5年ぶり2回目の出演となった“FUJI ROCK FESTIVAL 2017”を含む各地のロックフェス、ジャズフェスに出演。
並行してヴォーカリストTOKUのアルバム“SHAKE”においてギタリストSUGIZOと共演、Zepp Tokyoで開催されたACIDMAN 20th Anniversary 2man tour セミファイナルにおいてオープニングアクトを努める。
さらに自主企画2マンイベント「Hunting Hour」を立ち上げ第1回目にメンバーとも親交が深い「SPECIAL OTHERS」を迎え2018年2月に開催するなど、ジャンルレスに快進撃を続けている。
また、メンバーはそれぞれYasei Collective以外にも多数のバンド（GENTLE FOREST JAZZ BAND、ZA FEEDO、Pontadelic、HH&MM他）に参加、客演やCM、レコーディング参加等多岐にわたる活動も並行して行っている。
2018年11月別所和洋（Key）が脱退。3人体制に。",http://yaseicollective.com/,https://www.facebook.com/YaseiCollective,,https://twitter.com/yaseicollective,img/yasei.JPG,2021-10-30,Yasei Collective
15,"YoYo the ""pianoman""",ヨヨザピアノマン,2003年、SOFFet(ソッフェ)としてメジャーデビュー。アーティストとしての活動の傍ら、SMAPへの詩曲提供、CHEMISTRYへの詩提供、松下奈緒最新アルバム『Syncro』へ作詞・編曲・ピアノとして参加する等、他アーティストへの楽曲提供や編曲・サウンドプロデュース、ピアノ演奏での参加なども数多く行う。2018年末、ピアニストYoYo the “Pianoman” としてレーベルPlaywrightより待望のDebut Album『O.G Swing』をリリースし、６都市７公演のリリース記念ライブツアーを敢行。2020年4月、JAZZ AUDITORIA ONLINEへ出演。,https://soffet.info/,https://www.facebook.com/YoYothePianoman,https://www.instagram.com/yoyo_soffet/,https://twitter.com/YoYo_SOFFet,"	img/yoyothe.jpg",2021-10-30,"YoYo the ""pianoman"""
16,LITE,ライト,"ポストロック、マスロックをルーツに、進化を続ける4人組インストゥルメンタル・ロックバンド。2003年の結成以来、国内のみならず、欧米やアジアなど、ワールドワイドに活躍している。その初期は、ツインギターのスリリングな掛け合いとリズムセクションのドラマチックな起伏が生み出すエモーショナルな楽曲にバンドのアイデンティティを見いだすと、2006年からはイギリス、アイルランドをはじめ、海外での活動を活発化。2009年のEP『Turns Red』ではJawboxのJ. Robbins、2010年のEP『Illuminate』ではTortoiseのジョン・マッケンタイアをエンジニアを迎え、シンセサイザーを交えた新たなサウンドアプローチを模索し、エレクトロニカやビートミュージックなどの要素を内包したオリジナルな作風を確立した。2019年にはバンドとファンをつなぐ新たなプラットフォームとなるオフィシャルアプリ『LITE The Room』を発表するなど、その活動を絶え間なく進化させている。",https://lite-web.com/,https://ja-jp.facebook.com/liteband/,https://www.instagram.com/lite_jp/,https://twitter.com/lite_jp/,"	img/LITE_2.jpg",2021-10-30,LITE
17,Ryu Matsuyama BAND SET,リュウマツヤマ,"ジャンルの壁も、国境も越えたピアノスリーピースバンド。
イタリア生まれイタリア育ちのRyu(ピアノ・ボーカル)が、 2012年に “Ryu Matsuyama”としてバンド活動をスタート。 2014年結成当初からのメンバーであるTsuru(ベース)に Jackson(ドラム)を加え現メンバーとなる。
2018年メジャーデビュー。アルバム『Between Night and Day』をリリース。 2020年4月mabanuaをプロデューサーに迎えアルバム 『Borderland』をリリース。
2021年には、タイの人気SSW・Max Jenmanaとのコラボや京都市生まれのラッパー、Daichi Yamamotoを客演に迎えたコラボ配信シングルをリリースするなど精力的に活動している。""",http://ryumatsuyama.com/,https://www.facebook.com/ryumatsuyama,https://www.instagram.com/ryu_matsuyama/,https://twitter.com/RyuMatsu_Info?/,img/RyuMatsuyama.jpg,2021-10-30,Ryu Matsuyama BAND SET
1,ADAMat,アダマット,"2011年12月キーボーディスト、ADAM at（本名の TAMADAを逆から読むとADAM atになることから命名)を中⼼に静岡県浜松市のライヴハウスでインストゥルメンタル セッション バンドとして活動を開始。2014年1月22日 1stミニアルバム「Silent Hill」をインディーズでリリース。発売翌週に追加プレスされる程の反響を呼ぶ。
2015年1月21日 1stフルアルバム「CLOCK　TOWER」でビクターエンタテインメントよりメジャー・デビュー。同年NHKプロ野球放送のテーマ曲として書き下ろした「六三四」は2015年より5年連続でテーマ曲として採用される。
2016年1月20日 2stフルアルバム「スウィートホーム」リリース。タワーレコード年間ジャズ セールス チャートにおいて日本人アーティストとして上原ひろみに続き2位を獲得。2017年1月25日 3rdフルアルバム「Echo Night」をリリースし、タワーレコード年間ジャズ セールス チャートにおいて日本人アーティスト1位を獲得。また7月26日にはPHONO TONESとのスプリットアルバム「Dr.Jekyll」と「Mr.Hyde」をそれぞれリリース。2018年5月9日 4thフルアルバム「サイコブレイク」リリース。タワーレコード年間ジャズ セールス チャートにて日本人アーティストとして2年連続1位を獲得。6月30日には静岡県浜松市にて野外フェス「INST-ALL FESTIVAL2018」を開催。3000人以上を動員する。
2019年6月19日、5thフルアルバム「トワイライトシンドローム」リリース決定。2019年7月7日「INST-ALL FESTIVAL 2019」開催決定。
FUJI ROCK FESTIVAL2019にも出演し、ライブベストアクト2位に選出される。
2020年5月27日、6th「零」をリリース。タワーレコード年間ジャズ セールス チャートにて3位、日本人アーティストとして1位を獲得。
数多くの国内外のフェスティヴァルにも出演する他、テレビ、ラジオのCM音楽やテーマ曲を多数手掛ける。
インストシーンの普及を図るべく、静岡SBSラジオ「ADAM atの詞がないラジオ」とレギュラー番組を担当。",http://adamat.info/,https://www.facebook.com/adamat1026,https://www.instagram.com/adamat1026,https://twitter.com/ADAMat1026,img/ADAM_at1.jpg,2021-10-31,ADAMat
2,韻シスト,インシスト,"生々しく独創的でグルーヴィーなサウンドと極上のライブパフォーマンスが圧倒的な評価を受け続ける、大阪をベースに活動するファンキーグルーヴマスターと称される唯一無二のヒップホップバンド。数度のメンバー・チェンジを経て、MC(サッコン)、Gtr. (TAKU)、Bass (Shyoudog)、Drs.(TAROW-ONE)からなる鉄壁の現メンバーとなる。1998年の結成当初から大阪を拠点として活動し、日本におけるヒップホップ・バンドのパイオニア的存在として、またミュージシャンズ・ミュージシャンとして高い評価を受け続けている。2001年3月、デビュー作となるミニ・アルバム「ONE DAY」(RD RECORDS) をリリース。以来、これまでに5枚のフル・アルバム、4枚のミニアルバム、4枚のシングルをリリース。Shyoudog、TAKU、TAROW-ONEからなる韻シストBANDとしても1枚のアルバムをリリースしている。その他、客演も多数。2016年にはPUSHIMが主催するレーベル“Groovillage”へ合流。6月15日には通算6枚目、約2年8ヶ月振りとなるオリジナル・アルバム「CLASSIX」のリリース。偶数月には大阪、東京での主催イベント「NeighborFood」も開催中。評判が評判を呼び満員御礼で継続開催されるなど、大阪、東京を中心に各地で韻シスト・マニアが確かな足取りで増殖中。2017年7月には、新たな韻シストサウンドを縦横無尽に展開した意欲作「Another Day」をリリース。2018年2月にはPUSHIMとのコラボ・ミニアルバム「TO THE NEXT」をリリース。6月にはバンド結成20周年を記念し、地元なんばHatchでの3daysスペシャルイベントを豪華ゲストを迎え大成功させた。そして、同年8月には20周年記念アルバム「IN-FINITY」を、2019年2月には初のライブ作品「NEW ALBUM IN-FINITY RELEASE TOUR 2018 at UMEDA CLUB QUATTRO」(DVD＋CD)を立て続けにリリース。2019年4月には、超満員の大阪城野外音楽堂で初の主催野外フェス“OSAKA GOOD VIBES”を開催。また、８月には早くもミニアルバム「SHINE」をリリースする。",http://www.in-sist.com/,https://www.facebook.com/%E9%9F%BB%E3%82%B7%E3%82%B9%E3%83%88-471714619598564/,https://www.instagram.com/in_sistagram,https://twitter.com/insist_official,img/insisuto_1.jpg,2021-10-31,韻シスト
3,sozoro座mode,ソゾロザモード,"愛知豊橋発！変幻自在のインストゥルメンタルバンド。
ハードコアバンドを組んでいたメンバーが中心となり、2012年結成。ハードコアシーンで育った彼らが行き着いた楽曲は、ダンス、ジャズ、ラテン、カントリーなど、様々なジャンルの音楽を取り入れ、やはりバックボーンにはハードコアが軸にあることを感じさせる新しい音楽を作り上げた。
リアルアンダーグラウンド上がりの彼らだからこそ生まれるハイセンスな楽曲は、ライブシーンのみならず、クラブシーンやレイブ系の野外パーティーからの支持も高く、各シーンで引っ張りだこ状態が続いている。",https://www.sozoro-za-mode.com/,https://www.facebook.com/sozorozamode,,https://twitter.com/sozorozamode,img/sozoroza.jpg,2021-10-31,sozoro座mode
4,TASQ,タスク,"福井県出身のラッパー/作曲家/医師。バックトラックにより全く変化するラップのフロー、表現に重さを置いたリリック、guitar、bass、violin等の生楽器演奏とサンプリングを混ぜたトラックメイクなどマルチで幅広い楽曲を制作。HIPHOP Band「Nicetime Workerz」のリーダーとしても活動。YAMAHA主催大会The Music Revolutionでは約5000組の中から10組ほどの最終選考に選出、Zepp diversity Tokyo出演。大阪老舗イベントLove sofaでサンデーカミデや奇妙礼太郎らと共に3年間レギュラーメンバーと務めた。流派-R「R-FESTA」に出演し唾奇たRude-&alphaらと共演、そのほかハンブレッダーズやthe engyなどロックバンドとも交流が深い。2020年8月よりソロでプレ活動を開始。初作品にして気鋭のHIPHOPチャンネルPRKS9アカウントからから「サマータイムマシン グルーヴ」ミュージックビデオが配信。
2021年春よりソロ活動を本格始動する。1st EP「Light,Camera,Fiction」をリリース。
過去共演アーティスト例：ハンブレッダーズ、the engy、吉田省念、唾奇、WILYWNKA、Rude-&alpha、Brian the sun、ワンダフルボーイズ、やついいちろう、金ウリョン、チプルソ、踊る！ディスコ室町…その他多数。",,,https://www.instagram.com/tasq0727/,https://twitter.com/tasuku0727,img/TASQ2.jpg,2021-10-31,TASQ
5,チプルソ,チプルソ,服部緑地公園rep.のRapper/Beat Maker。 NoDJ1MC⦆LIVEで永続的に全国をまわってい る。FreeStyleでも有名で、多くの優勝・Best Boutを残しYouTubeの総再生回数は2000万回を 超えている。彼の作品は熱望する店舗のみ販 売されており 、発表1年で全国にて完売したその「一人宇宙I」には2万円以上の値が付けられ 、続いて発表された「一人宇宙II」は在庫有りにも関わらず1万円近くの値段で取引される事となった。,http://tipleso.blog3.fc2.com/,,https://www.instagram.com/tpls.medical_music,https://twitter.com/chipuruso4545,img/chipuruso.jpg,2021-10-31,チプルソ
6,DJ YASA,ディジェーヤサ,"DJを始めてわずか3年にして世界最大規模のDJバトル、DMC WORLD DJ CHAMPIONSHIP 2003において日本チャンプに輝くと、ロンドンで行われた世界大会で世界4位という衝撃デビューを果たす。
その翌年、盟友 HI-C（DMC JAPAN DJ Championship 2014 Champ）とターンテーブリズムユニット『Kireek』を結成。
2006年 DMC WORLD CHAMPIONSHIPでは2度目の日本チャンピオン、さらにWORLD FINALで会場に集まった様々な国の人々を興奮の渦へ誘い、堂々の第２位の座を獲得し世界に日本の名を刻み込んだ。
Kireekとしての活動では、2007年日本が世界に誇る野外フェス FUJI ROCK FESTIVALに出演。同年のDMC WORLD CHAMPIONSHIP TEAM部門において、ドイツ、フランス、イギリスなどの強豪国を抑え初出場にしてアジア初の世界王座に輝くと、続く08年、09年、10年、11年と防衛王者として世界記録の5連覇の偉業を成し遂げた。
その独特なサウンドスタイルが評価され、ロンドンでNIKE DESTROYERジャケットを記念したイベントや、モスクワで行われたTOYOTA IQのロシア発売イベント、中国ツアーなど海外でも注目される。
2013年には音楽レーベル “PLANT RECORDS” 設立。
初オリジナルトラック作品『Useful For Mind』12inch EPのリリースきっかけに 1st Album 『MIND ADVANCE』リリース。
それから自身のオリジナル楽曲作りにハマり、数々のリリースを続けている。
2016年クロアチアで開催される世界最大の“ベース・ミュージックとサウンドシステム・カルチャー”のフェスティバル『OUTLOOK FESTIVAL』のローンチ・パーティ、”OUTLOOK FESTIVAL JAPAN LAUNCH PARTY”にて行われる「Red Bull Culture Clash」の日本版ともいえる「OUTLOOK.JP SOUNDCLASH 2016」にKIREEKとして出場し優勝している。
DJ Battle以外でも功績を叩き出した。
そして2018年KIREEKを解散。
それぞれの音楽感への追求に道を進める。
2019年 OILWORKSよりビートアルバム『KIBUN』リリース。
ビートメイカー×ターンテーブリストという新しいスタイルのアプローチを世間に提示した。
オリジナルビートを武器にターンテーブルを楽器のように乗りこなすDJの一人。
ジャンルを超越した選曲、2枚のレコードを駆使し作り出されるサウンドストーリーや幻想的演奏スクラッチなど、他とは一線を隔す衝撃のライブを約束しよう。",http://www.plantrec.com/,,,,img/djyasa.jpg,2021-10-31,DJ YASA
7,NABOWA,ナボワ,"京都を拠点に活動している4人組インストゥルメンタル・バンド
国内外大型フェスへの出演や、近年は、台湾3都市ツアー、香港ワンマンを行うなどライブアクトとしてアジアでも高い評価を獲得している。
2021年6月に2年ぶり7枚目のフルアルバム「Fantasia」をリリース。",https://www.nabowa.com/,https://ja-jp.facebook.com/nabowa,https://www.instagram.com/nabowa_jpn,https://twitter.com/nabowa,img/nabowa.jpg,2021-10-31,NABOWA
8,HAS a.k.a. EL ×Waves,ハズ,"福井県出身　MC
2003年 上京と共に都内クラブにて月最高14本のライブをこなす
その他、オーガナイザーとして都内で毎月イベントを企画するなど精力的に活動
2012年に日本屈指のＪＡＺＺレーベルの名門
株式会社アート・ユニオン　レコードより日本人では初となるＨＩＰＨＯＰアーティストとして待望の 1st アルバム【ＬＡＢＯＲ】の全国リリースを果たす
2018年9月7日 TOYBOX Records より2ndアルバム【DIG THE LIFE】をリリース
2018年 DIG THE LIFEより ＃8 DOTEが㈱田中化学研究所のCMソングに楽曲提供される
2019年 福井県最大級の祭りフェニックス祭りで、MCバトルを企画運営する
2020年　what's going's on デジタルシングルをリリース",,,,,img/HAS a.k.a EL.jpg,2021-10-31,HAS a.k.a. EL ×Waves
9,paranoid void,パラノイドボイド,"女性3人によるインストゥルメンタル、バンド。 浮遊感あるギターサウンドと絶え間なく表情を変えるリズムフレーズが特徴。変拍子やポリリズムを織り交ぜた楽曲を展開する。
2016年1stミニアルバム「POP MUSIC」、2017年「Litelary Math」を Apple Of My Eyeより全国リリース。2019年5月には初のシングル作品「01」を、2019年12月には「02」をリリース。 
活動拠点である大阪では定期的に自主企画やワンマンライブを開催。2019年には、FUJI ROCK FESTIVAL'19「ROOKIE A GO-GO」出演。 2020年以降は積極的に配信ライブも行っている。
また、2015年にマレーシアツアー、2018年にカナダツアー、 2020年には1月から2月にかけて約1ヶ月・計21公演のアメリカツアーを行う。",http://paranoidvoid.com/,http://paranoidvoid.com/,https://www.instagram.com/paranoidvoid_official/,https://twitter.com/paranoid_void,img/paranoid void.jpg,2021-10-31,paranoid void
10,FNCY,ファンシー,,http://fncy.tokyo/,,,https://twitter.com/FNCY_official,img/FNCY_2.jpg,2021-10-31,FNCY
12,ballhead,ボールヘッド,"日本人離れした推進力のあるグルーヴを武器にするStrictly butter soul beat smith。時代に左右される事の無い価値観を提示する厳格な一面を持ちつつ、大胆さと不自然なユーモアを併せ持つアンバランスさが特徴。
東京発experimental label「EPISTROPH」より最新作「STAYYOUNGMOVEMENT」各プラットフォームにて配信中。",,,,,"	img/ballhead.jpg",2021-10-31,ballhead
11,Michael Kaneko,マイケルカネコ,"湘南生まれ、南カリフォルニア育ちの日本人シンガーソングライター。
デビュー前にボーカリストとして起用されたTOYOTA、PanasonicのTVCMが話題となり問い合わせが殺到。
ウィスパーながらも芯のあるシルキーヴォイスが早耳音楽ファンの間で評判となる。
その後、デビュー前にもかかわずFUJI ROCK FESTIVAL、SUMMER SONIC、GREENROOM FESTIVALなどに出演。
タワーレコード“NO MUSIC, NO LIFE?”のポスターに登場。また AmPm feat. Michael Kanekoが各国Spotifyのバイラル・チャートにランクイン。インドネシアのフェスでは1万人規模のオーディエンスが大合唱、その声は5,000万人に届くことに。
そして2017年、満を持して『Westbound EP』でデビュー。
卓越したソングライティングとパフォーマンスは話題を呼び、プロデューサーとして森山直太朗、あいみょん、瑛人、Rude-α、majiko、s**t kingz、足立佳奈、Miyuuなどを手がける。
さらに大橋トリオ、ハナレグミ、藤原さくら、さかいゆう、SKY-HI & THE SUPER FLYERS、DJ HASEBE、Kan Sanoなどのライブやレコーディングにも参加。
また、CITROËN、NISSAN、ダイハツ、BACARDÍ、SHARP、IKEA、FREAK'S STORE、Amazon、J-WAVE、資生堂、ヤクルトなどのCM楽曲やジングル、映画「とんかつDJアゲ太郎」「サヨナラまでの30分」「ママレード・ボーイ」、ドラマ「僕たちがやりました」、アニメ「メガロボクス」のテーマソングや劇伴音楽も手がける。
2020年、1stアルバム『ESTERO』をリリース。
ラッパー Daichi Yamamotoをフィーチャリングするなど音楽性も幅を広げヒットを記録。
さらに、BAYFLOW、Ray-Ban、OFFSHOREのコラボや広告モデル、MUSIC ON! TVのMCなど、音楽活動にとどまらず活躍の場を広げている。",http://michaelkaneko.com/,https://ja-jp.facebook.com/michaelkanekomusic,https://www.instagram.com/michaelkanekomusic,https://twitter.com/michael_kaneko,img/MichaelKaneko_2020 2.jpg,2021-10-31,Michael Kaneko
