ID,name,kana,description,URL,Facebook,Instagram,Twitter,image,date,name
1,ADAMat,アダムアット,"2011年12月キーボーディスト、ADAM at（本名の TAMADAを逆から読むとADAM atになることから命名)を中⼼に静岡県浜松市のライヴハウスでインストゥルメンタル セッション バンドとして活動を開始。2014年1月22日 1stミニアルバム「Silent Hill」をインディーズでリリース。発売翌週に追加プレスされる程の反響を呼ぶ。
2015年1月21日 1stフルアルバム「CLOCK　TOWER」でビクターエンタテインメントよりメジャー・デビュー。同年NHKプロ野球放送のテーマ曲として書き下ろした「六三四」は2015年より5年連続でテーマ曲として採用される。
2016年1月20日 2stフルアルバム「スウィートホーム」リリース。タワーレコード年間ジャズ セールス チャートにおいて日本人アーティストとして上原ひろみに続き2位を獲得。2017年1月25日 3rdフルアルバム「Echo Night」をリリースし、タワーレコード年間ジャズ セールス チャートにおいて日本人アーティスト1位を獲得。また7月26日にはPHONO TONESとのスプリットアルバム「Dr.Jekyll」と「Mr.Hyde」をそれぞれリリース。2018年5月9日 4thフルアルバム「サイコブレイク」リリース。タワーレコード年間ジャズ セールス チャートにて日本人アーティストとして2年連続1位を獲得。6月30日には静岡県浜松市にて野外フェス「INST-ALL FESTIVAL2018」を開催。3000人以上を動員する。
2019年6月19日、5thフルアルバム「トワイライトシンドローム」リリース決定。2019年7月7日「INST-ALL FESTIVAL 2019」開催決定。
FUJI ROCK FESTIVAL2019にも出演し、ライブベストアクト2位に選出される。
2020年5月27日、6th「零」をリリース。タワーレコード年間ジャズ セールス チャートにて3位、日本人アーティストとして1位を獲得。
数多くの国内外のフェスティヴァルにも出演する他、テレビ、ラジオのCM音楽やテーマ曲を多数手掛ける。
インストシーンの普及を図るべく、静岡SBSラジオ「ADAM atの詞がないラジオ」とレギュラー番組を担当。",http://adamat.info/,https://www.facebook.com/adamat1026,https://www.instagram.com/adamat1026,https://twitter.com/ADAMat1026,img/ADAM_at1.jpg,2021-08-28,ADAMat
2,韻シスト,インシスト,"生々しく独創的でグルーヴィーなサウンドと極上のライブパフォーマンスが圧倒的な評価を受け続ける、大阪をベースに活動するファンキーグルーヴマスターと称される唯一無二のヒップホップバンド。数度のメンバー・チェンジを経て、MC(サッコン)、Gtr. (TAKU)、Bass (Shyoudog)、Drs.(TAROW-ONE)からなる鉄壁の現メンバーとなる。1998年の結成当初から大阪を拠点として活動し、日本におけるヒップホップ・バンドのパイオニア的存在として、またミュージシャンズ・ミュージシャンとして高い評価を受け続けている。2001年3月、デビュー作となるミニ・アルバム「ONE DAY」(RD RECORDS) をリリース。以来、これまでに5枚のフル・アルバム、4枚のミニアルバム、4枚のシングルをリリース。Shyoudog、TAKU、TAROW-ONEからなる韻シストBANDとしても1枚のアルバムをリリースしている。その他、客演も多数。2016年にはPUSHIMが主催するレーベル“Groovillage”へ合流。6月15日には通算6枚目、約2年8ヶ月振りとなるオリジナル・アルバム「CLASSIX」のリリース。偶数月には大阪、東京での主催イベント「NeighborFood」も開催中。評判が評判を呼び満員御礼で継続開催されるなど、大阪、東京を中心に各地で韻シスト・マニアが確かな足取りで増殖中。2017年7月には、新たな韻シストサウンドを縦横無尽に展開した意欲作「Another Day」をリリース。2018年2月にはPUSHIMとのコラボ・ミニアルバム「TO THE NEXT」をリリース。6月にはバンド結成20周年を記念し、地元なんばHatchでの3daysスペシャルイベントを豪華ゲストを迎え大成功させた。そして、同年8月には20周年記念アルバム「IN-FINITY」を、2019年2月には初のライブ作品「NEW ALBUM IN-FINITY RELEASE TOUR 2018 at UMEDA CLUB QUATTRO」(DVD＋CD)を立て続けにリリース。2019年4月には、超満員の大阪城野外音楽堂で初の主催野外フェス“OSAKA GOOD VIBES”を開催。また、８月には早くもミニアルバム「SHINE」をリリースする。",http://www.in-sist.com/,https://www.facebook.com/%E9%9F%BB%E3%82%B7%E3%82%B9%E3%83%88-471714619598564/,https://www.instagram.com/in_sistagram,https://twitter.com/insist_official,img/insisuto_1.jpg,2021-08-28,韻シスト
3,Wool & The Pants,ウールアンドザパンツ,東京アンダーグラウンド唯一無二の密室的オブスキュア・ミニマル・メロウ・ファンク＆ソウル・グルーヴが圧倒的に癖になるギター、ベース、ドラムのトリオバンド,,,https://www.instagram.com/woolandthepants,,img/Wool & The Pants.jpeg,2021-08-28,Wool & The Pants
5,粉川心,コガワシン,"drummer 粉川 心によるソロプロジェクト。
ドラムを通じた自己表現を探求する中で、アニミズムや禅の持つ美的観念に共鳴し、木と、皮と、鉱物と、身体。ミニマムなスタイルでフリージャズ、スピリチュアルジャズ、民族音楽、環境音楽、ハードコアなどを飲み込んで、生楽器の持つ原始的な強く美しいサウンドに瞬間の感性を落とし込む即興独奏。
TAMA/Bosphorus/Regaltip/エンドーサー。
ex. jizue。
2006年結成のインストバンドjizueでVictor entertainmentよりメジャーデビュー。
これまでに7枚のフルアルバムをリリース。
『FUJI ROCKFESTIVAL』『朝霧JAM』『東京JAZZ』『GREENROOM FESTIVAL』など各地の大型フェスに出演。
国内に留まらず、カナダ、インドネシア、中国、台湾など、海外ツアーも行う。
14年jizueのドラマーとして活動したのち2019年、京都市交響楽団とのオーケストラ公演を最後に脱退。ソロドラマーへ転身する。
翌年2020年には単独東南アジアツアーを行い、帰国後1stソロアルバム『ANIMA』を制作、リリース。
『ANIMA』リリースツアーでは勝井裕二（rovo）柏倉隆史（toe）栗原健（soil&pimp sessions）オオヤユウスケ（Polaris）類家心平、渡辺ショータらと熱演を重ねる。",http://shin0203.wix.com/drum-lesson,,https://www.instagram.com/drum_shinkokawa/?hl=ja,https://twitter.com/Drum_ShinKokawa,img/sin_kokawa.jpg,2021-08-28,粉川心
6,jizue,ジズー,"2006年結成。
これまで6枚のフルアルバムを発表し、そのどれもがロングセラーを記録。ロックや、ハードコアに影響を受けた魂を揺さぶるような力強さ、ジャズの持つスウィング感、叙情的な旋律が絶妙なバランスで混ざり合ったサウンドで、地元京都を中心に人気を高め、『FUJI ROCK FESTIVAL』、『GREENROOM FESTIVAL』、『朝霧JAM』といった大型フェスにも出演。
国内に留まらず、カナダ、インドネシア、中国、台湾など、海外にも進出し、その圧倒的な演奏力で高い評価を得ている。
2017年10月、ミニアルバム『grassroots』でビクターよりメジャー・デビュー。
2018年7月、6枚目のフルアルバム『ROOM』をリリース。
2019年7月、コンセプト・アルバム『gallery』をリリース。
2019年10月には京都市交響楽団サポートによる初のオーケストラ公演を開催。
2020年2月26日、オーケストラでのライブを収録した『jizue orchestra Live at Kyoto Concert Hall 2019.10.19』を配信＆DVDでリリース。
2020年9月、7枚目のフルアルバム『Seeds』をリリース。",https://www.jizue.com/,https://www.facebook.com/jizue,https://www.instagram.com/jizue_jpn,https://twitter.com/jizue,img/jizue.jpeg,2021-08-28,jizue
7,Seiho,セイホ,"大阪出身の電子音楽家、プロデューサー/DJであり、おでん屋「そのとうり」、和菓子屋「かんたんなゆめ」のプロデュースも務める。
2010年代の国内外エレクトロニック・ミュージック・シーンにおけるキーパーソン。
これまでにフライング・ロータス、ディスクロージャー、マシュー・ハーバート、カシミア・キャットらとの共演や、
平井堅、Chara+YUKI、三浦大知、矢野顕子、PUNPEEらへのプロデュース・ワーク、
Avec Avecとのポップ・デュオ「Sugar’s Campaign」としての活動など、
表と裏の舞台を行き来しながら常にカッティング・エッジな音楽を提供し続け、
その非凡な音楽性はもとより、アートや哲学領域にも精通する類稀なセンスには多方面から常に注目が集まる。
2021年5月、Amazon Musicの新企画「PRODUCERS」第1弾プロデューサーに選出され、ACO、ASOBOiSM、BTB特効、cero、KID FRESINO、LUVRAW、鎮座DOPENESSをフィーチャリングに迎えたミニアルバム『CAMP』をリリース。",,,https://www.instagram.com/seiho777,https://twitter.com/seiho777,img/IMG_6954.jpg,2021-08-28,Seiho
8,TASQ,タスク,"福井県出身のラッパー/作曲家/医師。バックトラックにより全く変化するラップのフロー、表現に重さを置いたリリック、guitar、bass、violin等の生楽器演奏とサンプリングを混ぜたトラックメイクなどマルチで幅広い楽曲を制作。HIPHOP Band「Nicetime Workerz」のリーダーとしても活動。YAMAHA主催大会The Music Revolutionでは約5000組の中から10組ほどの最終選考に選出、Zepp diversity Tokyo出演。大阪老舗イベントLove sofaでサンデーカミデや奇妙礼太郎らと共に3年間レギュラーメンバーと務めた。流派-R「R-FESTA」に出演し唾奇たRude-&alphaらと共演、そのほかハンブレッダーズやthe engyなどロックバンドとも交流が深い。2020年8月よりソロでプレ活動を開始。初作品にして気鋭のHIPHOPチャンネルPRKS9アカウントからから「サマータイムマシン グルーヴ」ミュージックビデオが配信。
2021年春よりソロ活動を本格始動する。1st EP「Light,Camera,Fiction」をリリース。
過去共演アーティスト例：ハンブレッダーズ、the engy、吉田省念、唾奇、WILYWNKA、Rude-&alpha、Brian the sun、ワンダフルボーイズ、やついいちろう、金ウリョン、チプルソ、踊る！ディスコ室町…その他多数。",,,https://www.instagram.com/tasq0727/,https://twitter.com/tasuku0727,img/TASQ2.jpg,2021-08-28,TASQ
9,チプルソ,チプルソ,服部緑地公園rep.のRapper/Beat Maker。 NoDJ1MC⦆LIVEで永続的に全国をまわってい る。FreeStyleでも有名で、多くの優勝・Best Boutを残しYouTubeの総再生回数は2000万回を 超えている。彼の作品は熱望する店舗のみ販 売されており 、発表1年で全国にて完売したその「一人宇宙I」には2万円以上の値が付けられ 、続いて発表された「一人宇宙II」は在庫有りにも関わらず1万円近くの値段で取引される事となった。,http://tipleso.blog3.fc2.com/,,https://www.instagram.com/tpls.medical_music/,https://twitter.com/chipuruso4545,img/chipuruso.jpg,2021-08-28,チプルソ
10,DJ YASA,ディージェーヤサ,"DJを始めてわずか3年にして世界最大規模のDJバトル、DMC WORLD DJ CHAMPIONSHIP 2003において日本チャンプに輝くと、ロンドンで行われた世界大会で世界4位という衝撃デビューを果たす。
その翌年、盟友 HI-C（DMC JAPAN DJ Championship 2014 Champ）とターンテーブリズムユニット『Kireek』を結成。
2006年 DMC WORLD CHAMPIONSHIPでは2度目の日本チャンピオン、さらにWORLD FINALで会場に集まった様々な国の人々を興奮の渦へ誘い、堂々の第２位の座を獲得し世界に日本の名を刻み込んだ。
Kireekとしての活動では、2007年日本が世界に誇る野外フェス FUJI ROCK FESTIVALに出演。同年のDMC WORLD CHAMPIONSHIP TEAM部門において、ドイツ、フランス、イギリスなどの強豪国を抑え初出場にしてアジア初の世界王座に輝くと、続く08年、09年、10年、11年と防衛王者として世界記録の5連覇の偉業を成し遂げた。
その独特なサウンドスタイルが評価され、ロンドンでNIKE DESTROYERジャケットを記念したイベントや、モスクワで行われたTOYOTA IQのロシア発売イベント、中国ツアーなど海外でも注目される。
2013年には音楽レーベル “PLANT RECORDS” 設立。
初オリジナルトラック作品『Useful For Mind』12inch EPのリリースきっかけに
1st Album 『MIND ADVANCE』リリース。
それから自身のオリジナル楽曲作りにハマり、数々のリリースを続けている。
2016年クロアチアで開催される世界最大の“ベース・ミュージックとサウンドシステム・カルチャー”のフェスティバル『OUTLOOK FESTIVAL』のローンチ・パーティ、”OUTLOOK FESTIVAL JAPAN LAUNCH PARTY”にて行われる
「Red Bull Culture Clash」の日本版ともいえる「OUTLOOK.JP SOUNDCLASH 2016」にKIREEKとして出場し優勝している。
DJ Battle以外でも功績を叩き出した。
そして2018年KIREEKを解散。
それぞれの音楽感への追求に道を進める。
2019年 OILWORKSよりビートアルバム『KIBUN』リリース。
ビートメイカー×ターンテーブリストという新しいスタイルのアプローチを世間に提示した。
オリジナルビートを武器にターンテーブルを楽器のように乗りこなすDJの一人。
ジャンルを超越した選曲、2枚のレコードを駆使し作り出されるサウンドストーリーや幻想的演奏スクラッチなど、他とは一線を隔す衝撃のライブを約束しよう。",http://www.plantrec.com/,,,,img/djyasa.jpg,2021-08-28,DJ YASA
11,DUENDE,デゥエンデ,"NAGAN SERVER（Vo）、安藤康平 from. MELRAW（Sax）、熊代崇人（Ba）、中村海斗（Dr）による4人組エクスペリメント・ヒップホップバンド。ブラックミュージックを中心に、先人達によって導かれた様々な音楽マナーを経由し、誰も成し得なかった数々の選択が、全く新しい描線となり新境地を目指す。",,,,,img/DUENDE.jpg,2021-08-28,DUENDE
12,DENIMS,デニムス,"古い物好きだけど新しい事をしたい。大人だけど子供のように。お洒落だけど泥臭い。
そんなバンド。2012年 大阪堺にてDENIMS結成。
2015年 自主レーベルOSAMIstudio.から初の全国流通盤となる1st Mini Album “Daily use” をリリース。
2016年 2nd Mini Album“iggy&pops”をリリース、ツアーファイナル@東心斎橋CONPASS初ワンマンはソールド。
同年、FUJI ROCK FESTIVAL’16出演。2017年 1st full album”DENIMS”をリリース。VIVA LA ROCK 2017出演。
2018年　東名阪福、4都市のワンマンツアーを行い全公演ソールドアウト。
大阪・味園ユニバースにてDENIMS主催フェス”ODD SAFARI”を開催し、700人動員しソールドアウト。
RUSH BALL 2018出演。2019年　V6 50thシングルCPに「そんな顔しなくたっていい」を楽曲提供。",http://denim-s.jp/,https://www.facebook.com/DENIMS.jp,https://www.instagram.com/denims_official,https://twitter.com/DENIMS_official,img/DENIMS_A_201225.jpg,2021-08-28,DENIMS
4,HAS a.k.a. EL ×Waves,エル,"福井県出身　MC
2003年 上京と共に都内クラブにて月最高14本のライブをこなす
その他、オーガナイザーとして都内で毎月イベントを企画するなど精力的に活動
2012年に日本屈指のＪＡＺＺレーベルの名門
株式会社アート・ユニオン　レコードより日本人では初となるＨＩＰＨＯＰアーティストとして待望の 1st アルバム【ＬＡＢＯＲ】の全国リリースを果たす
2018年9月7日 TOYBOX Records より2ndアルバム【DIG THE LIFE】をリリース
2018年 DIG THE LIFEより ＃8 DOTEが㈱田中化学研究所のCMソングに楽曲提供される
2019年 福井県最大級の祭りフェニックス祭りで、MCバトルを企画運営する
2020年　what's going's on デジタルシングルをリリース",,,,,img/HAS a.k.a EL.jpg,2021-08-28,HAS a.k.a. EL ×Waves
13,fox capture plan,フォックスキャプチャープラン,"“現代版ジャズ・ロック”をコンセプトとした情熱的かつクールで新感覚なピアノ・トリオ・サウンドを目指し、それぞれ違う個性を持つバンドで活動する3人が集まり2011年結成。

過去8枚のフル・アルバムを発表し“CDショップ大賞 ジャズ部門賞”を2度受賞、“JAZZ JAPAN AWARD 2013アルバム・オブ・ザ・イヤー・ニュー・スター部門”、そして“JAZZ JAPAN AWARDアルバム・オブ・ザ・イヤー・ニュー・ジャズ部門”を2015年と2020年に獲得。
主なライブ活動として、2016年“FUJI ROCK FESTIVAL’16”、2017年“SUMMER SONIC 2017”、さらに“TOKYO JAZZ FESTIVAL”には3年連続出演。2018年ブルーノート東京での単独2DAYS公演、2020年に東京国際フォーラムでの単独公演を行う。
その他、オーストラリア“Brisbane Festival”出演、韓国・台湾・香港・シンガポール・マレーシア・ロシア・フランス、
そして3度の中国ツアー(全７ヶ所)を敢行するなど海外公演も積極的に行う。
楽曲制作では、TBS ドラマ「カルテット」、映画・フジテレビ系月 9 ドラマ「コンフィデンスマン JP」シリーズ、映画「事故物件 恐い間取り」、関西テレビ ドラマ“健康で文化的な最低限度の生活”、NHK プレミアムドラマ“一億円のさようなら”、劇場アニメ・TVアニメ「青春ブタ野郎〜」シリーズ、 TVアニメ「スタンドマイヒーローズ PIECE OF TRUTH」などの劇伴を担当、その他CM やゲームなど多方面へ楽曲を提供。
2020年には、Yosh (Survive Said The Prophet) やおかもとえみとのヴォーカル・フューチャリング楽曲を発表。
今年5月には、9th フル アルバム『NEBULA』のリリースを予定している。",www.foxcaptureplan.com/,https://www.facebook.com/foxcaptureplan/,https://www.instagram.com/foxcaptureplan/,https://twitter.com/foxcaptureplan,img/fox_.jpg,2021-08-28,fox capture plan
14,福井県立武生商工高等学校吹奏楽部,タケフショウコウコウトウガッコウスイソウガクブ,"３年連続で全国大会出場を果たした北陸代表、福井県立武生商業高等学校、吹奏楽部は、
「日本一ファンキーなバンド」として注目を集めているバンドです。",http://www.takefu-ch.ed.jp/,https://www.facebook.com/pages/category/Musician/%E6%AD%A6%E7%94%9F%E5%95%86%E6%A5%AD%E9%AB%98%E7%AD%89%E5%AD%A6%E6%A0%A1%E5%90%B9%E5%A5%8F%E6%A5%BD%E9%83%A8-110602040323413/,,,img/takesyou.jpeg,2021-08-28,福井県立武生商工高等学校吹奏楽部
15,the hey song,ヘイソング,"Bass落合""キット""慶太、Piano芝田育代によるインストゥルメンタルバンド。
2015年より本格的に始動。2019年ビクターエンタテインメントよりメジャーデビュー。映画音楽に影響を受け「日常を映画のワンシーンに」をテーマにしたバンド。サポートメンバーにギター・ドラムを迎えライブ展開。
ADAM at、伊藤隆郎(TRI4TH)、橋本孝太も参加。楽しくも映画を見ているような音楽にライブ中涙するファンも多数。
メジャーデビュー作1st mini album「seed」がTOWER RECORDS JAZZチャートデイリー１位＆ウィークリー２位を獲得、iTunesStore JAZZアルバムチャートでは１位を獲得。Apple Musicやマクドナルドの店内BGMの公式プレイリストに選曲される。",theheysongband.wixsite.com/official,https://www.facebook.com/theheysong,https://www.instagram.com/theheysong_jp/,https://twitter.com/the_hey_song_jp,img/hey.jpg,2021-08-28,the hey song
16,THE BED ROOM TAPE,ベッドルーム,"景山奏によるソロ・プロジェクト。2013年、児玉奈央、
NAGAN SERVER、奇妙礼太郎が参加した「THE BED ROOM TAPE」、2015年、
川谷絵音、リミキサーとしてBudaMunkが参加した「YARN」、
2016年、Gotch、BASI、リミキサーとしてUyama Hirotoが参加した
「UNDERTOW」を発表。2021年夏より新曲のリリースを予定している。",,https://www.facebook.com/thebedroomtape/,https://www.instagram.com/kanadekageyamaa/?hl=ja,,img/THEBEDROOM TAPE.jpg,2021-08-28,THE BED ROOM TAPE
17,Ballhead,ボールヘッド,"日本人離れした推進力のあるグルーヴを武器にするStrictly butter soul beat smith。時代に左右される事の無い価値観を提示する厳格な一面を持ちつつ、大胆さと不自然なユーモアを併せ持つアンバランスさが特徴。
東京発experimental label「EPISTROPH」より最新作「STAYYOUNGMOVEMENT」各プラットフォームにて配信中。",,,,,img/ballhead.jpg,2021-08-28,Ballhead
18,Michael kaneko,マイケルカネコ,"湘南生まれ、南カリフォルニア育ちの日本人シンガーソングライター。
デビュー前にボーカリストとして起用されたTOYOTA、PanasonicのTVCMが話題となり問い合わせが殺到。
ウィスパーながらも芯のあるシルキーヴォイスが早耳音楽ファンの間で評判となる。
その後、デビュー前にもかかわずFUJI ROCK FESTIVAL、SUMMER SONIC、GREENROOM FESTIVALなどに出演。
タワーレコード“NO MUSIC, NO LIFE?”のポスターに登場。また AmPm feat. Michael Kanekoが各国Spotifyのバイラル・チャートにランクイン。インドネシアのフェスでは1万人規模のオーディエンスが大合唱、その声は5,000万人に届くことに。
そして2017年、満を持して『Westbound EP』でデビュー。
卓越したソングライティングとパフォーマンスは話題を呼び、プロデューサーとして森山直太朗、あいみょん、瑛人、Rude-α、majiko、s**t kingz、足立佳奈、Miyuuなどを手がける。
さらに大橋トリオ、ハナレグミ、藤原さくら、さかいゆう、SKY-HI & THE SUPER FLYERS、DJ HASEBE、Kan Sanoなどのライブやレコーディングにも参加。
また、CITROËN、NISSAN、ダイハツ、BACARDÍ、SHARP、IKEA、FREAK'S STORE、Amazon、J-WAVE、資生堂、ヤクルトなどのCM楽曲やジングル、映画「とんかつDJアゲ太郎」「サヨナラまでの30分」「ママレード・ボーイ」、ドラマ「僕たちがやりました」、アニメ「メガロボクス」のテーマソングや劇伴音楽も手がける。
2020年、1stアルバム『ESTERO』をリリース。
ラッパー Daichi Yamamotoをフィーチャリングするなど音楽性も幅を広げヒットを記録。
さらに、BAYFLOW、Ray-Ban、OFFSHOREのコラボや広告モデル、MUSIC ON! TVのMCなど、音楽活動にとどまらず活躍の場を広げている。",http://michaelkaneko.com/,https://ja-jp.facebook.com/michaelkanekomusic,https://www.instagram.com/michaelkanekomusic,https://twitter.com/michael_kaneko,img/MichaelKaneko_2020 2.jpg,2021-08-28,Michael kaneko
1,ORESKABAND,オレスカバンド,"日本のガールズスカ・ロックバンド。
2003年5月、中学3年生の時に同級生のブラスバンド部を中心に結成。同10月に初ライブを行う。高校入学後も積極的にライブ活動を行い、2006年2月にソニーミュージックアソシエイテッドレコーズとメジャー契約を締結。7月に『俺』でメジャーデビュー。全米ツアーや、アルゼンチン、ブラジル公演など、日本にとどまらず海外まで活動の幅を広げている。",http://www.oreskaband.com/,https://www.facebook.com/ORESKABAND.JP,,https://twitter.com/oreska_official,img/oreskaband.jpg,2021-08-29,ORESKABAND
2,Calmera,カルメラ,"2006 年結成、8 人組の大阪発エンタメジャズバンド。メンバーは西崎ゴウシ伝説（Agitator, Tp, Gt, Per）、小林洋介（Tp）、辻本美博（Sax）、寺谷光（Tb）、PAKshin（Key）、宮本敦（Gt）、HIDEYAN（Ba）、きたいくにと（Dr）。2010 年 5 月に 1st アルバム「Hello!! ワールドワイド」をリリース。“エンタメジャズ” を日本から全世界に届けることをコンセプトに活動中。ソニー・ハイレゾウォークマン「h.ear ×WALKMAN(R)」の CM に起用された「犬、逃げた。-ver. 2.0-」、「R-1 ぐらんぷり」にて出囃子として使われた「ロックンロール キャバレー」、キユーピーマヨネーズ「野菜が、かがやく。」篇や回転寿司「スシロー」の CM 音楽、ドラマ「ミナミの帝王 ZERO」劇伴など、ほとんどの人がどこかで Calmera の音楽を耳にしていると言っても過言ではない。2020 年公開、ジャルジャル後藤淳平主演・木下半太監督映画「ロックンロール・ストリップ」の劇伴も担当。2016 年 3 月には日本最高峰のジャズクラブ・BLUE NOTE TOKYO にて異例の抜擢となるワンマンライブを開催し、2018 年には「TOKYO JAZZ」に出演するなどジャズライブシーンにおいて活躍する一方で、「Sunset Live」「SUMMER SONIC」などロックフェスにも出演。海外活動としては、2016 年 8 月「大邱国際ジャズフェスティバル」（韓国）へ日韓親善のために招待され、2017 年 9 月には同イベントのメインステージに出演。2021 年は結成 15 周年イヤーとして、5 月 12 日に12th アルバム「誰そ彼レゾナンス」をリリースし全国ツアーを行うなど、より一層精力的に活動中。",http://www.calmera.jp/,https://ja-jp.facebook.com/calmeramusic/,https://www.instagram.com/calmerajp,https://twitter.com/calmerajp,img/Calmera15th.jpg,2021-08-29,Calmera
3,keishi tanaka,ケイシタナカ,"ミュージシャン。作詞家。作曲家。Riddim Saunterを解散後、2012年よりソロ活動をスタート。
　続けざまにリリースされた『Fill』と『Alley』という2つのアルバムで、シンガーソングライターとしてバンド時代とは違う一面を見せる。「Floatin' Groove」が、全国のラジオ局で多数パワープレイに選ばれるなど、細部にこだわりをみせる高い音楽性を持ちながら、幅広い層に受け入れられる音楽であることを証明した。さらに、3rdアルバム『What's A Trunk?』では、Tokyo Recordings、fox capture plan、LEARNERS、Ropesなど、さまざまなミュージシャンとレコーディングをして話題となる。最新アルバム『BREATH』では、ブラックミュージックと日本人ポップスを見事に融合させ、自身がそのときにやりたい音楽を自由に歌い続けている。
　アルバムのほかにも、詩と写真で構成された6曲入りソングブック『夜の終わり』や、絵本『秘密の森』、自身の想いを音楽と言葉とデザインで伝える『A SONG FOR YOU』のシリーズなど、自身の世界観を表現する多様な作品をリリース。 
　2020年12月、Kan Sanoプロデュースによる「The Smoke Is You」、oysmをフィーチャリングした「揺れる葉」を含む5曲入りのミニアルバム『AVENUE』をリリース。1日限りのリリースパーティーは『A SONG FOR YOU Vol.04』にて映像化されている。
　ライブハウスや野外フェスでのバンドセットから、ホールやBillboardでの11人編成ビッグバンド、さらには小さなカフェでの弾き語りなど、場所や聴く人を限定しないスタイルで年間100本前後のライブを続けている。自主企画として、バンド編成の[NEW KICKS]と、アコースティックの[ROOMS]を不定期に開催中。
　また、2017年4月に詩集『真夜中の魚』(シンコーミュージック・エンタテインメント)を発売し、文章にも注目が集まる。『ランドネ』(マイナビ出版)での連載は5年目に突入。",http://keishitanaka.com/,https://www.facebook.com/keishitanaka.official/,https://www.instagram.com/keishitanaka,https://twitter.com/KeishiTanaka,img/KeishiTanaka2020.jpg,2021-08-29,keishi tanaka
4,JABBERLOOP,ジャバループ,"国内外で活動するインストゥルメンタルバンド。
テレビ番組、高校野球応援の吹奏楽やダンスなど、その親しみやすいメロディーとダンサブルなサウンドで人々を広く魅了している。
2004年、京都で結成後、JABBERLOOPでコロムビアミュージックエンターテイメントより1stアルバム『and infinite jazz...』でメジャーデビュー。
同時期にロンドンのレーベル『Mukatsuku Records』より12インチアナログ『UGETSU』をリリースし、ジャイルス・ピーターソンがイギリスBBCラジオでプレイするなど海外で大きな話題を呼ぶ。
台湾のラッパーSOFT LIPAとの共作アルバム『経典！』をリリース。収録曲『dental driller』が人気サッカーゲーム『ウイニングイレブン2011』に使用される。
2011年 アルバム『経典！』で台湾最大の音楽賞”第22届金曲奨”（台湾政府主宰、台湾版グラミー賞）にて年間ベストアルバムにノミネートされ、SOFT LIPAと共にブルーノート北京2days公演を成功させる。
2019年6月には所属レーベル『巡音彩祭』の 10周年を記念したイベントの台湾公演、香港公演に出演、同9月、JABBERLOOP初の中国大陸ワンマンツアー開催。
12月、結成15周年のアニヴァーサリーライブをブルーノート東京で開催し、2020年9月3年ぶりとなるオリジナルフルアルバム『CORE』をリリース。",http://www.jabberloop.com/,https://ja-jp.facebook.com/jabberloop,https://www.instagram.com/jabberloop_official/,https://twitter.com/jabberloop_,img/jabberloop.jpeg,2021-08-29,JABBERLOOP
5,sozoro座mode,ソゾロザモード,"愛知豊橋発！変幻自在のインストゥルメンタルバンド。
ハードコアバンドを組んでいたメンバーが中心となり、2012年結成。ハードコアシーンで育った彼らが行き着いた楽曲は、ダンス、ジャズ、ラテン、カントリーなど、様々なジャンルの音楽を取り入れ、やはりバックボーンにはハードコアが軸にあることを感じさせる新しい音楽を作り上げた。
リアルアンダーグラウンド上がりの彼らだからこそ生まれるハイセンスな楽曲は、ライブシーンのみならず、クラブシーンやレイブ系の野外パーティーからの支持も高く、各シーンで引っ張りだこ状態が続いている。",www.sozoro-za-mode.com/,https://www.facebook.com/sozorozamode,,https://twitter.com/sozorozamode,img/sozoroza.jpg,2021-08-29,sozoro座mode
6,TRI4TH,トライフォース,“ 踊れるジャズ “ をコンセプトに掲げ、国内外を飛び回る日本を代表するライブジャズバンド。 ジャズでありながら、ロックバンドに勝る激しいパフォーマンスでオーディエンスを魅了し続けている。パンクロック、スカを取り入れた音楽性が好評を博し、海外では、フランス “Jazz a Vienne” / デンマーク “Copenhagen Jazz Festival 2017” にも出演している。 国内の代表的な音楽フェスティバルの一つ”SUMMER SONIC 2019″ を含め全国20ヶ所を超えるフェスに出演を果たした。 2020年5月23日に開催された、”TOKYO JAZZ +plus LIVE STREAM”では、フランスの女性シンガー’China Moses’との国境を越えたコラボレーションが実現し、 10月7日リリースの3rd Full Album『Turn On the Light』では、SANABAGUN.から岩間 俊樹氏、日本を代表するスカパンクバンドKEMURIからHORNSを招くなど、TRI4TH史上新たな試みにチャレンジしている。インストゥルメンタルの枠を超え飛躍を続けるTRI4THは、今シーン更に注目度を増しているバンドである。,https://tri4th.com,https://www.facebook.com/tri4th,https://www.instagram.com/tri4th_official,https://twitter.com/TRI4TH,img/TRI4TH.jpeg,2021-08-29,TRI4TH
7,NABOWA,ナボワ,"京都を拠点に活動している4人組インストゥルメンタル・バンド
国内外大型フェスへの出演や、近年は、台湾3都市ツアー、香港ワンマンを行うなどライブアクトとしてアジアでも高い評価を獲得している。
2021年6月に2年ぶり7枚目のフルアルバム「Fantasia」をリリース。",https://www.nabowa.com/,https://ja-jp.facebook.com/nabowa,https://www.instagram.com/nabowa_jpn,https://twitter.com/nabowa,img/nabowa.jpg,2021-08-29,NABOWA
8,bonobos,ボノボ,"2001年結成。2015年に蔡忠浩（V,G）小池龍平（G）田中佑司（Key）森本夏子（B）梅本浩亘（D）の5人体制に。蔡の作曲センスと音楽的探究心から生み出される楽曲を、バンドの圧倒的な演奏力と伸びやかなボーカルが奏でることにより、唯一無二のポップ・ミュージックとして国内外のリスナーから高く評価され続けている。結成20年を迎える今なお、バンドが持つ創造力を現在進行形で更新する。",https://bonobos.jp/,https://ja-jp.facebook.com/bonobos,https://www.instagram.com/bonobostagram,https://twitter.com/bonobosofficial,img/bonobos.jpg,2021-08-29,bonobos
9,"YoYo the ""pianoman""",ヨウヨウザピアノマン,2003年、SOFFet(ソッフェ)としてメジャーデビュー。アーティストとしての活動の傍ら、SMAPへの詩曲提供、CHEMISTRYへの詩提供、松下奈緒最新アルバム『Syncro』へ作詞・編曲・ピアノとして参加する等、他アーティストへの楽曲提供や編曲・サウンドプロデュース、ピアノ演奏での参加なども数多く行う。2018年末、ピアニストYoYo the “Pianoman” としてレーベルPlaywrightより待望のDebut Album『O.G Swing』をリリースし、６都市７公演のリリース記念ライブツアーを敢行。2020年4月、JAZZ AUDITORIA ONLINEへ出演。,https://soffet.info/,https://www.facebook.com/YoYothePianoman,https://www.instagram.com/yoyo_soffet/,https://twitter.com/YoYo_SOFFet,img/yoyothe.jpg,2021-08-29,"YoYo the ""pianoman"""
10,Rhim.,リム,名古屋を拠点とする新進気鋭インストゥルメンタルバンド。2021年、サックスKyoichi、ギターUeda、キーボードIKU、ドラムFujimotoの四人で結成。ポップス、ロック、ソウル、スカなどそれぞれが活動してきた音楽の要素をとり入れつつインストゥルメンタルミュージックの新しい扉を叩く。1stデモ音源「chase/sun」を販売中。,,,https://www.instagram.com/rhim_jp/,https://twitter.com/rhim2_rhim?s=21,img/Rim.JPG,2021-08-29,Rhim.
